{
    "env": {
        "founder": {
            "global": {
                "all": {
                    "all": 0.006086564851256661,
                    "first": 0.006482113557669709,
                    "second": 0.006178028737394741,
                    "third": 0.005599200155114401
                },
                "consensus": {
                    "all": 0.0026123333380968362,
                    "first": 0.0027561552259388637,
                    "second": 0.001928928247473657,
                    "third": 0.0031970100050489
                },
                "non_consensus": {
                    "all": 0.019543002993210927,
                    "first": 0.023956416306719325,
                    "second": 0.026494974874056026,
                    "third": 0.01290189008744929
                }
            },
            "subtype": {
                "all": {
                    "all": 0.006156788156560172,
                    "first": 0.00653497972415977,
                    "second": 0.006077456539297607,
                    "third": 0.00585755503760012
                },
                "consensus": {
                    "all": 0.003152545722871379,
                    "first": 0.003217450054368741,
                    "second": 0.0025202299333084164,
                    "third": 0.0037341678016653
                },
                "non_consensus": {
                    "all": 0.026730674640549543,
                    "first": 0.029749365091769366,
                    "second": 0.03211603392464872,
                    "third": 0.01981458027650003
                }
            }
        },
        "any": {
            "global": {
                "all": {
                    "all": 0.0007506232391157258,
                    "first": 0.0004553267586184423,
                    "second": 0.00033046695266924505,
                    "third": 0.0014644343800820474
                },
                "consensus": {
                    "all": 0.0024876088467295407,
                    "first": 0.002628436837398591,
                    "second": 0.0018470462370632208,
                    "third": 0.003029753429117016
                },
                "non_consensus": {
                    "all": -0.019684316076742578,
                    "first": -0.02425773014001388,
                    "second": -0.027052037288779623,
                    "third": -0.013014861565703762
                }
            },
            "subtype": {
                "all": {
                    "all": 0.0008589094463103691,
                    "first": 0.0005040609492158893,
                    "second": 0.0005168001423190413,
                    "third": 0.0015540390272959072
                },
                "consensus": {
                    "all": 0.001899656947287385,
                    "first": 0.0019205261232328875,
                    "second": 0.0015623116257912455,
                    "third": 0.0022246017376499646
                },
                "non_consensus": {
                    "all": -0.019023942857734278,
                    "first": -0.02373120912211664,
                    "second": -0.020153165790847107,
                    "third": -0.013202972883669806
                }
            }
        },
        "subtypes": {
            "global": {
                "all": {
                    "all": 0.0014235343043963017,
                    "first": 0.001285521959313765,
                    "second": 0.0007635651688383482,
                    "third": 0.0022205451175771242
                },
                "consensus": {
                    "all": 0.002303507572639255,
                    "first": 0.0026324562845988306,
                    "second": 0.0015505860540624549,
                    "third": 0.002767603532876717
                },
                "non_consensus": {
                    "all": -0.011085999193924796,
                    "first": -0.013246637465553398,
                    "second": -0.019395921511675147,
                    "third": -0.005116648301099425
                }
            },
            "subtype": {
                "all": {
                    "all": 0.0014226786863283766,
                    "first": 0.0012875099928555086,
                    "second": 0.0007716535847451143,
                    "third": 0.002207887521413399
                },
                "consensus": {
                    "all": 0.002997556487087322,
                    "first": 0.0030899614420314,
                    "second": 0.0023978722499884983,
                    "third": 0.003518906396278557
                },
                "non_consensus": {
                    "all": -0.02644244041224757,
                    "first": -0.029673177622402982,
                    "second": -0.03160344787649872,
                    "third": -0.01959808786658364
                }
            }
        },
        "root": {
            "global": {
                "all": {
                    "all": 0.0004772210606949015,
                    "first": 0.0002469446094647812,
                    "second": 9.938958875764238e-05,
                    "third": 0.0010831298529954418
                },
                "consensus": {
                    "all": 0.0018708249546997866,
                    "first": 0.002089771493794971,
                    "second": 0.0012962308356102078,
                    "third": 0.0022599861844999746
                },
                "non_consensus": {
                    "all": -0.017237733773861386,
                    "first": -0.02185206028336521,
                    "second": -0.02342219279211825,
                    "third": -0.011037564203827788
                }
            },
            "subtype": {
                "all": {
                    "all": 0.0004524412328240871,
                    "first": 0.00011077410839563788,
                    "second": 0.00010490021348506467,
                    "third": 0.0011388915365668439
                },
                "consensus": {
                    "all": 0.0011837731997849862,
                    "first": 0.0012218471295708494,
                    "second": 0.0007993006301558257,
                    "third": 0.0015434060484256435
                },
                "non_consensus": {
                    "all": -0.01637674607013716,
                    "first": -0.020296595540843402,
                    "second": -0.015531771266260005,
                    "third": -0.012039653639117416
                }
            }
        }
    },
    "pol": {
        "founder": {
            "global": {
                "all": {
                    "all": 0.0017294103609191676,
                    "first": 0.001268957392491986,
                    "second": 0.0009025474768181822,
                    "third": 0.003016924356568289
                },
                "consensus": {
                    "all": 0.001180705143408375,
                    "first": 0.0008298910805902364,
                    "second": 0.0004852953934869753,
                    "third": 0.002335353493765969
                },
                "non_consensus": {
                    "all": 0.009699173337535517,
                    "first": 0.010233486494336443,
                    "second": 0.018363434422480698,
                    "third": 0.008189744530833907
                }
            },
            "subtype": {
                "all": {
                    "all": 0.0017496361222016292,
                    "first": 0.0012907374241574625,
                    "second": 0.0008880054263388568,
                    "third": 0.0030703908896303807
                },
                "consensus": {
                    "all": 0.001411943981895398,
                    "first": 0.0010123791265521742,
                    "second": 0.0005645305363442452,
                    "third": 0.0027108861269494727
                },
                "non_consensus": {
                    "all": 0.01276787711358092,
                    "first": 0.012857322876588615,
                    "second": 0.024751696080072178,
                    "third": 0.010348853375186045
                }
            }
        },
        "any": {
            "global": {
                "all": {
                    "all": 0.0006110568726557351,
                    "first": 0.0004121948101867579,
                    "second": 0.00014513179904183026,
                    "third": 0.0012773705674849049
                },
                "consensus": {
                    "all": 0.0011873688126637864,
                    "first": 0.0008255644314697458,
                    "second": 0.00048128656188503875,
                    "third": 0.002366068923102606
                },
                "non_consensus": {
                    "all": -0.009604356901478022,
                    "first": -0.01015161375002888,
                    "second": -0.01836997609885842,
                    "third": -0.008076480250569765
                }
            },
            "subtype": {
                "all": {
                    "all": 0.0006115855099957071,
                    "first": 0.0003566553732452145,
                    "second": 0.00015897328672614532,
                    "third": 0.0013208387119485298
                },
                "consensus": {
                    "all": 0.0009245503337598884,
                    "first": 0.0005981576896763427,
                    "second": 0.0004433178431479676,
                    "third": 0.00176683107348549
                },
                "non_consensus": {
                    "all": -0.010546412116364628,
                    "first": -0.011098860584751567,
                    "second": -0.022794406801787695,
                    "third": -0.008083824293473041
                }
            }
        },
        "subtypes": {
            "global": {
                "all": {
                    "all": 0.0010259591665871353,
                    "first": 0.0007111335376692455,
                    "second": 0.00023474084329362042,
                    "third": 0.0021329380806300734
                },
                "consensus": {
                    "all": 0.0011446828942873475,
                    "first": 0.000762815030690763,
                    "second": 0.00043286521812008606,
                    "third": 0.00235034039429937
                },
                "non_consensus": {
                    "all": -0.0018518283381847578,
                    "first": -0.001753820474550063,
                    "second": -0.016371160786254373,
                    "third": 0.00032549672586024603
                }
            },
            "subtype": {
                "all": {
                    "all": 0.0010365525172150829,
                    "first": 0.0007343736203539922,
                    "second": 0.00023795927361287665,
                    "third": 0.0021380638201132242
                },
                "consensus": {
                    "all": 0.001437276378837111,
                    "first": 0.0010037134537868814,
                    "second": 0.0005810252381730749,
                    "third": 0.0027787925750753215
                },
                "non_consensus": {
                    "all": -0.013560526360622533,
                    "first": -0.011937132366917009,
                    "second": -0.02793575345217593,
                    "third": -0.011101239345988462
                }
            }
        },
        "root": {
            "global": {
                "all": {
                    "all": 0.0005609395029628091,
                    "first": 0.00028653781617176864,
                    "second": 0.00011477949394876616,
                    "third": 0.001283173170744401
                },
                "consensus": {
                    "all": 0.001077785478620608,
                    "first": 0.000691889960023591,
                    "second": 0.0004150965589328101,
                    "third": 0.0022366763391040868
                },
                "non_consensus": {
                    "all": -0.008613001496241071,
                    "first": -0.01009739929485076,
                    "second": -0.01759704032194401,
                    "third": -0.006848273916192255
                }
            },
            "subtype": {
                "all": {
                    "all": 0.0005270516425770487,
                    "first": 0.00020121156734193346,
                    "second": 0.00012333467405346298,
                    "third": 0.0012584203127874057
                },
                "consensus": {
                    "all": 0.0008402806529141045,
                    "first": 0.0004350099591991701,
                    "second": 0.00035761134506533533,
                    "third": 0.0017660473048226846
                },
                "non_consensus": {
                    "all": -0.010753024102270494,
                    "first": -0.01085967346859485,
                    "second": -0.020790705717132332,
                    "third": -0.009126437374591352
                }
            }
        }
    },
    "gag": {
        "founder": {
            "global": {
                "all": {
                    "all": 0.002679426049773024,
                    "first": 0.0024749684439665225,
                    "second": 0.002111048548200953,
                    "third": 0.0034522611571515933
                },
                "consensus": {
                    "all": 0.0017041874231723921,
                    "first": 0.001278868823542406,
                    "second": 0.001315627007562992,
                    "third": 0.002598011895330969
                },
                "non_consensus": {
                    "all": 0.013936131942132057,
                    "first": 0.023862573701776888,
                    "second": 0.015998363713185255,
                    "third": 0.00956383563865585
                }
            },
            "subtype": {
                "all": {
                    "all": 0.0026728337593288974,
                    "first": 0.0024400529910057083,
                    "second": 0.002007482104315317,
                    "third": 0.0035709661826656544
                },
                "consensus": {
                    "all": 0.0020186618551572034,
                    "first": 0.0017026574242089494,
                    "second": 0.0013826721578306844,
                    "third": 0.003007935028055836
                },
                "non_consensus": {
                    "all": 0.018632901307326158,
                    "first": 0.024803730396833285,
                    "second": 0.026327625067412472,
                    "third": 0.01253197971259192
                }
            }
        },
        "any": {
            "global": {
                "all": {
                    "all": 0.0006169711242701154,
                    "first": 0.000566113086463001,
                    "second": 9.823674503680718e-05,
                    "third": 0.0011865635413105691
                },
                "consensus": {
                    "all": 0.0016034334656955748,
                    "first": 0.001407988086671217,
                    "second": 0.0010824594929602167,
                    "third": 0.0023763458268816397
                },
                "non_consensus": {
                    "all": -0.01369717774993485,
                    "first": -0.01877155492473198,
                    "second": -0.021539328464425137,
                    "third": -0.008558230717424446
                }
            },
            "subtype": {
                "all": {
                    "all": 0.0005893322647022724,
                    "first": 0.0006519240779945256,
                    "second": -5.836225878839492e-05,
                    "third": 0.0011744349749006977
                },
                "consensus": {
                    "all": 0.0009436216194217113,
                    "first": 0.00118781126190093,
                    "second": -8.487094715520655e-05,
                    "third": 0.0017595280030874324
                },
                "non_consensus": {
                    "all": -0.010144167946605834,
                    "first": -0.018058429623007136,
                    "second": -0.004133927436348592,
                    "third": -0.010001238270933332
                }
            }
        },
        "subtypes": {
            "global": {
                "all": {
                    "all": 0.001402577654855782,
                    "first": 0.001245455364752715,
                    "second": 0.000747428271883203,
                    "third": 0.0022148493279314355
                },
                "consensus": {
                    "all": 0.0014392822753742872,
                    "first": 0.001552051538818107,
                    "second": 0.0005200445788252664,
                    "third": 0.002297518458059206
                },
                "non_consensus": {
                    "all": 1.5170841723066409e-05,
                    "first": -0.0073623878131533005,
                    "second": 0.011741701671966424,
                    "third": -0.001673721723954588
                }
            },
            "subtype": {
                "all": {
                    "all": 0.0013944968956475234,
                    "first": 0.0012685914221769827,
                    "second": 0.0007297928125083403,
                    "third": 0.002185106452257239
                },
                "consensus": {
                    "all": 0.0019722036095157778,
                    "first": 0.001835869256091516,
                    "second": 0.0012707555644326542,
                    "third": 0.002844801761507093
                },
                "non_consensus": {
                    "all": -0.015627474092678322,
                    "first": -0.02002060529917797,
                    "second": -0.02319979177713368,
                    "third": -0.010703592228072593
                }
            }
        },
        "root": {
            "global": {
                "all": {
                    "all": 0.0007371117529119317,
                    "first": 0.0008506046423813296,
                    "second": -0.00026424847838302446,
                    "third": 0.0016249790947374942
                },
                "consensus": {
                    "all": 0.0015379927155703401,
                    "first": 0.0012456883197568193,
                    "second": 0.0006176306701045843,
                    "third": 0.0028414832210782834
                },
                "non_consensus": {
                    "all": -0.011066629054565243,
                    "first": -0.008230189890949218,
                    "second": -0.02118122527273009,
                    "third": -0.00840893914857237
                }
            },
            "subtype": {
                "all": {
                    "all": 0.0007343521673250373,
                    "first": 0.0009459774254915965,
                    "second": -0.0003876993221532513,
                    "third": 0.0016447783986367802
                },
                "consensus": {
                    "all": 0.0011336065509524754,
                    "first": 0.0015042232469268128,
                    "second": -0.00014588000103736725,
                    "third": 0.0020802101864023977
                },
                "non_consensus": {
                    "all": -0.01146799510224032,
                    "first": -0.018616935043306335,
                    "second": -0.01432121620906267,
                    "third": -0.007431246948165856
                }
            }
        }
    }
}